<?xml version="1.0" encoding="UTF-8"?><rss version="2.0"
	xmlns:content="http://purl.org/rss/1.0/modules/content/"
	xmlns:dc="http://purl.org/dc/elements/1.1/"
	xmlns:atom="http://www.w3.org/2005/Atom"
	xmlns:sy="http://purl.org/rss/1.0/modules/syndication/"
	
	>
<channel>
	<title>
	Comments on: O Lema de Iwasawa e a simplicidade de PSL(n,F)	</title>
	<atom:link href="https://schcs.github.io/WP/index.php/2019/09/30/o-lema-de-iwasawa-e-a-simplicidade-de-pslnf/feed/" rel="self" type="application/rss+xml" />
	<link>https://schcs.github.io/WP/index.php/2019/09/30/o-lema-de-iwasawa-e-a-simplicidade-de-pslnf/</link>
	<description>Universidade Federal de Minas Gerais</description>
	<lastBuildDate>Wed, 23 Sep 2020 14:31:44 +0000</lastBuildDate>
	<sy:updatePeriod>
	hourly	</sy:updatePeriod>
	<sy:updateFrequency>
	1	</sy:updateFrequency>
	<generator>https://wordpress.org/?v=6.0.2</generator>
</channel>
</rss>
