<?xml version="1.0" encoding="UTF-8"?><rss version="2.0"
	xmlns:content="http://purl.org/rss/1.0/modules/content/"
	xmlns:dc="http://purl.org/dc/elements/1.1/"
	xmlns:atom="http://www.w3.org/2005/Atom"
	xmlns:sy="http://purl.org/rss/1.0/modules/syndication/"
	
	>
<channel>
	<title>
	Comments on: O Lema de Schur e o Teorema de Clifford	</title>
	<atom:link href="https://schcs.github.io/WP/index.php/2019/10/23/os-teoremas-de-schur-e-clifford-2/feed/" rel="self" type="application/rss+xml" />
	<link>https://schcs.github.io/WP/index.php/2019/10/23/os-teoremas-de-schur-e-clifford-2/</link>
	<description>Universidade Federal de Minas Gerais</description>
	<lastBuildDate>Thu, 24 Oct 2019 11:25:30 +0000</lastBuildDate>
	<sy:updatePeriod>
	hourly	</sy:updatePeriod>
	<sy:updateFrequency>
	1	</sy:updateFrequency>
	<generator>https://wordpress.org/?v=6.1.1</generator>
</channel>
</rss>
