<?xml version="1.0" encoding="UTF-8"?><rss version="2.0"
	xmlns:content="http://purl.org/rss/1.0/modules/content/"
	xmlns:dc="http://purl.org/dc/elements/1.1/"
	xmlns:atom="http://www.w3.org/2005/Atom"
	xmlns:sy="http://purl.org/rss/1.0/modules/syndication/"
	
	>
<channel>
	<title>
	Comments on: O subgrupo de Frattini	</title>
	<atom:link href="https://schcs.github.io/WP/index.php/2019/09/16/o-subgrupo-de-frattini/feed/" rel="self" type="application/rss+xml" />
	<link>https://schcs.github.io/WP/index.php/2019/09/16/o-subgrupo-de-frattini/</link>
	<description>Universidade Federal de Minas Gerais</description>
	<lastBuildDate>Mon, 16 Sep 2019 13:56:19 +0000</lastBuildDate>
	<sy:updatePeriod>
	hourly	</sy:updatePeriod>
	<sy:updateFrequency>
	1	</sy:updateFrequency>
	<generator>https://wordpress.org/?v=6.2.2</generator>
</channel>
</rss>
